tour,player,elo,peak_elo,matches,wins,losses,last_date
ATP,Sinner J.,2109.85,2151.78,187,172,15,
ATP,Alcaraz C.,2049.08,2084.53,159,136,23,
ATP,Zverev A.,1900.95,1900.95,209,157,52,
ATP,Djokovic N.,1869.79,1891.62,105,81,24,
ATP,Fils A.,1831.03,1831.66,127,83,44,
ATP,Fritz T.,1755.42,1815.21,172,119,53,
ATP,Jodar R.,1752.45,1752.45,47,34,13,
ATP,Shelton B.,1747.13,1854.62,174,114,60,
ATP,Tiafoe F.,1746.58,1750.03,151,90,61,
ATP,Auger-Aliassime F.,1738.07,1843.25,162,103,59,
ATP,Paul T.,1733.83,1779.57,149,103,46,
ATP,Medvedev D.,1730.17,1825.23,169,115,54,
ATP,Mensik J.,1719.06,1751.55,124,79,45,
ATP,Musetti L.,1716.46,1811.98,153,96,57,
ATP,Draper J.,1712.99,1841.98,109,75,34,
ATP,De Minaur A.,1702.1,1792.66,178,123,55,
ATP,Tien L.,1701.46,1759.73,99,60,39,
ATP,Cerundolo F.,1698.33,1743.24,158,92,66,
ATP,Lehecka J.,1693.19,1743.94,143,91,52,
ATP,Korda S.,1692.77,1717.39,107,64,43,
ATP,Ruud C.,1678.73,1761.13,153,101,52,
ATP,Rune H.,1672.08,1738.13,121,79,42,2025-10-18
ATP,Nakashima B.,1671.9,1682.62,151,83,68,
ATP,Rublev A.,1669.1,1703.25,169,103,66,
ATP,Fonseca J.,1667.46,1717.76,80,46,34,
ATP,Davidovich Fokina A.,1665.2,1703.63,146,83,63,
ATP,Tsitsipas S.,1660.57,1709.86,130,77,53,
ATP,Cobolli F.,1656.16,1683.01,156,89,67,
ATP,Etcheverry T.,1634.07,1657.04,147,73,74,
ATP,Bublik A.,1633.99,1802.2,147,87,60,
ATP,Blockx A.,1633.49,1639.47,31,16,15,
ATP,Machac T.,1621.89,1713.43,113,66,47,
ATP,Vacherot V.,1620.91,1697.42,44,25,19,
ATP,Merida Aguilar D.,1616.36,1619.87,24,16,8,
ATP,Michelsen A.,1616.31,1655.79,148,77,71,
ATP,Halys Q.,1614.13,1623.39,88,41,47,
ATP,Majchrzak K.,1611.8,1611.8,54,28,26,
ATP,Tirante T.A.,1609.47,1637.52,49,28,21,
ATP,Humbert U.,1607.08,1740.19,146,85,61,
ATP,Hanfmann Y.,1596.89,1638.22,99,49,50,
ATP,Marozsan F.,1594.73,1596.82,133,65,68,
ATP,Berrettini M.,1593.42,1692.96,101,60,41,
ATP,Norrie C.,1591.9,1687.58,131,71,60,
ATP,Darderi L.,1591.59,1682.83,154,83,71,
ATP,Buse I.,1590.3,1612.47,39,20,19,
ATP,Collignon R.,1587.28,1608.58,42,19,23,
ATP,Borges N.,1578.25,1619.77,146,75,71,
ATP,Nadal R.,1578.17,1596.95,17,11,6,2024-07-21
ATP,Bergs Z.,1578.17,1603.06,111,55,56,
ATP,Tabilo A.,1577.5,1641.03,122,63,59,
ATP,Molcan A.,1576.43,1591.95,18,11,7,
ATP,Hurkacz H.,1576.15,1709.46,99,60,39,
ATP,Munar J.,1573.93,1662.46,113,54,59,
ATP,Khachanov K.,1569.93,1740.43,148,85,63,
ATP,Van De Zandschulp B.,1569.54,1588.55,106,48,58,
ATP,Dimitrov G.,1564.48,1719.78,111,71,40,
ATP,Navone M.,1562.09,1606.84,117,54,63,
ATP,Rinderknech A.,1560.76,1688.89,126,60,66,
ATP,Fery A.,1558.68,1569.06,18,10,8,
ATP,Cilic M.,1558.13,1608.08,61,28,33,
ATP,Cerundolo J.M.,1555.14,1582.8,49,23,26,
ATP,Spizzirri E.,1552.42,1566.51,21,11,10,
ATP,Prizmic D.,1550.11,1561.72,29,14,15,
ATP,Kokkinakis T.,1548.56,1582.51,33,16,17,
ATP,Gea A.,1548.16,1552.42,13,8,5,
ATP,Raonic M.,1547.46,1559.17,10,6,4,2024-06-19
ATP,Atmane T.,1546.28,1550.57,60,24,36,
ATP,Quinn E.,1543.79,1551.68,61,25,36,
ATP,Kopriva V.,1543.16,1579.57,63,27,36,
ATP,Medjedovic H.,1542.74,1615.77,69,34,35,
ATP,Pellegrino A.,1539.54,1564.17,14,7,7,
ATP,Thompson J.,1537.91,1662.39,88,49,39,
ATP,Watanuki Y.,1534.98,1567.21,11,6,5,2025-09-24
ATP,Kym J.,1534.51,1548.1,9,5,4,
ATP,Cazaux A.,1531.71,1563.0,57,27,30,
ATP,Nishikori K.,1531.65,1596.39,35,17,18,
ATP,Wong C.,1530.64,1530.64,31,13,18,
ATP,Struff J.L.,1528.71,1685.17,107,52,55,
ATP,Vallejo D.,1526.75,1546.61,17,8,9,
ATP,Shevchenko A.,1526.45,1534.29,98,42,56,
ATP,Griekspoor T.,1525.38,1717.01,131,70,61,
ATP,Bonzi B.,1525.32,1556.74,57,24,33,
ATP,Riedi L.,1525.02,1531.99,8,4,4,2025-09-01
ATP,Carreno Busta P.,1523.64,1570.97,53,22,31,
ATP,Shang J.,1523.36,1652.28,68,36,32,
ATP,Shapovalov D.,1522.48,1698.9,122,62,60,
ATP,Gigante M.,1520.42,1532.08,13,6,7,2025-07-30
ATP,Fucsovics M.,1519.52,1614.74,80,38,42,
ATP,Travaglia S.,1518.53,1534.85,3,2,1,
ATP,Faria J.,1518.44,1518.69,32,14,18,
ATP,Sonego L.,1517.95,1575.08,121,53,68,
ATP,Uchiyama Y.,1517.38,1535.62,3,2,1,2024-09-22
ATP,Mmoh M.,1515.51,1532.46,17,9,8,2026-09-01
ATP,Taberner C.,1515.2,1544.3,10,5,5,
ATP,Damm M.,1514.5,1552.15,23,10,13,
ATP,Holmgren A.,1514.35,1538.25,4,2,2,2025-10-01
ATP,Torres T.,1514.27,1534.7,3,2,1,
ATP,Bagnis F.,1514.0,1562.52,11,6,5,2025-07-29
ATP,Burruchaga R.,1512.41,1542.51,35,16,19,
ATP,Hewitt C.,1512.05,1518.18,2,1,1,
ATP,De Jong J.,1510.92,1584.92,52,23,29,
ATP,Baez S.,1510.35,1656.42,131,64,67,
ATP,Butvilas E.,1509.86,1517.63,2,1,1,
ATP,Dedura-Palomero D.,1509.53,1522.45,2,1,1,2025-04-17
ATP,Opelka R.,1509.2,1594.87,75,36,39,
ATP,Van Assche L.,1508.87,1525.95,40,17,23,
ATP,Tomic B.,1508.54,1520.88,6,3,3,
ATP,Kovalik J.,1508.2,1536.26,4,2,2,2024-07-15
ATP,Bailly G.A.,1508.2,1515.78,2,1,1,2025-10-15
ATP,Jubb P.,1507.98,1542.77,5,3,2,2024-07-02
ATP,Brooksby J.,1507.77,1642.93,65,32,33,
ATP,Ficovich J.P.,1506.73,1517.41,6,3,3,2025-07-29
ATP,Den Ouden G.,1506.34,1519.19,2,1,1,2026-12-02
ATP,Sachko V.,1505.86,1532.21,7,3,4,
ATP,Bennani K.,1505.73,1505.73,2,1,1,
ATP,Tseng C. H.,1503.57,1518.86,2,1,1,2024-07-25
ATP,Nanda G.,1502.92,1517.03,2,1,1,2025-07-17
ATP,Hong S.,1502.8,1519.28,4,2,2,2024-08-01
ATP,Wu Y.,1502.72,1557.77,28,12,16,
ATP,Winter E.,1501.32,1515.58,2,1,1,
ATP,Arseneault N.,1500.52,1515.2,2,1,1,2025-07-29
ATP,Droguet T.,1500.47,1554.35,23,12,11,
ATP,Jorda Sanchis D.,1500.08,1516.0,2,1,1,2024-04-04
ATP,Tarvet O.,1499.7,1516.26,3,1,2,
ATP,Tirante T. A.,1499.26,1516.0,2,1,1,
ATP,Hussey G.,1498.99,1519.47,4,2,2,
ATP,Gombos N.,1497.66,1513.08,2,1,1,2025-07-23
ATP,Arnaldi M.,1496.99,1601.26,114,55,59,
ATP,Bueno G.,1496.88,1516.0,2,1,1,
ATP,Svajda Z.,1494.72,1517.27,39,15,24,
ATP,Alvarez Valdes L.C.,1494.62,1515.36,2,1,1,2025-07-17
ATP,Denolly C.,1494.48,1513.46,2,1,1,2025-04-03
ATP,Harris L.,1494.11,1500.0,8,3,5,2025-08-27
ATP,Kwon S.,1493.73,1500.0,3,1,2,
ATP,Monday J.,1493.63,1500.0,1,0,1,2025-07-01
ATP,Otte O.,1493.48,1500.0,1,0,1,2024-06-18
ATP,Svrcina D.,1493.36,1530.4,20,8,12,
ATP,Samrej K.,1492.88,1500.0,1,0,1,2025-01-14
ATP,Kachmazov A.,1491.45,1538.78,6,3,3,2025-07-15
ATP,Mpetshi Perricard G.,1491.31,1500.0,1,0,1,2025-10-27
ATP,Boogaard T.,1490.73,1517.69,3,1,2,2026-12-06
ATP,Altmaier D.,1490.71,1545.68,119,47,72,
ATP,Bolt A.,1490.61,1527.18,10,4,6,
ATP,Faurel T.,1490.34,1500.0,1,0,1,
ATP,Bernet H.,1489.27,1500.0,1,0,1,2025-10-20
ATP,Diallo G.,1489.12,1660.96,90,42,48,
ATP,Kecmanovic M.,1489.1,1608.01,135,59,76,
ATP,Omarkhanov A.,1488.97,1500.0,1,0,1,2025-10-13
ATP,Bertola R.,1488.85,1500.0,1,0,1,2025-10-20
ATP,Reis Da Silva J.,1488.57,1500.0,1,0,1,
ATP,Brouwer G.,1488.05,1516.64,5,2,3,2024-06-24
ATP,Sakellaridis S.,1487.95,1500.0,3,1,2,
ATP,Basavareddy N.,1487.92,1541.91,27,10,17,
ATP,Samuel T.,1487.91,1531.27,6,2,4,
ATP,Ruusuvuori E.,1487.76,1581.11,30,15,15,2025-10-14
ATP,Baadi T.,1487.54,1500.0,3,1,2,
ATP,Huesler M.,1487.45,1500.0,1,0,1,
ATP,Yevseyev D.,1487.35,1516.41,3,1,2,2024-09-19
ATP,Ugo Carabelli C.,1487.17,1532.02,84,35,49,
ATP,Sell K.,1486.99,1500.0,1,0,1,2025-05-20
ATP,Marcondes I.,1486.84,1500.0,1,0,1,
ATP,Martin D.,1486.6,1500.0,1,0,1,2025-07-28
ATP,Luz O.,1486.58,1500.0,1,0,1,
ATP,Onclin G.,1486.4,1502.33,3,1,2,2026-10-06
ATP,Watt J.,1486.4,1500.0,1,0,1,2026-12-01
ATP,Sesko Z.,1486.38,1500.0,1,0,1,
ATP,Gomez F.A.,1486.08,1512.37,6,2,4,
ATP,Hardt N.,1485.99,1516.1,3,1,2,2024-07-16
ATP,Vesely J.,1485.98,1500.0,1,0,1,2024-01-16
ATP,Chidekh C.,1485.96,1500.0,1,0,1,2025-02-11
ATP,Cadenasso G.,1485.93,1500.0,1,0,1,2026-07-05
ATP,Dietrich D.,1485.54,1500.0,1,0,1,
ATP,Sanchez Izquierdo N.,1485.5,1500.0,1,0,1,2024-05-20
ATP,Janvier M.,1485.5,1500.0,1,0,1,2024-07-01
ATP,Ramos A.,1485.48,1500.0,2,0,2,2025-05-26
ATP,Kolar Z.,1485.43,1500.0,1,0,1,
ATP,Soto M.,1485.41,1500.0,1,0,1,
ATP,Klein L.,1485.19,1516.0,18,8,10,2025-01-13
ATP,Ivanov I.,1485.12,1500.0,1,0,1,2025-11-04
ATP,Zheng M.,1485.07,1514.47,11,4,7,
ATP,Popyrin A.,1485.02,1629.24,112,51,61,
ATP,Lajal M.,1485.0,1514.1,4,1,3,2025-10-14
ATP,Landaluce M.,1484.9,1532.68,30,12,18,
ATP,Turcanu R.D.,1484.88,1500.0,1,0,1,
ATP,Andreozzi G.,1484.87,1500.0,1,0,1,2024-07-22
ATP,Varillas J. P.,1484.74,1500.0,1,0,1,2024-01-16
ATP,Becroft I.,1484.74,1500.0,1,0,1,2025-01-06
ATP,Kasnikowski M.,1484.71,1500.0,1,0,1,2024-08-26
ATP,Rodesch C.,1484.66,1500.0,1,0,1,2025-06-30
ATP,Kumar O.,1484.6,1500.0,1,0,1,2024-08-19
ATP,Neff A.,1484.57,1500.0,1,0,1,2024-02-07
ATP,Dahlin M.,1484.5,1500.0,1,0,1,
ATP,Rejchtman Vinciguerra W.,1484.48,1500.0,1,0,1,2025-07-14
ATP,Papamalamis T.,1484.41,1500.0,1,0,1,2024-11-04
ATP,Sousa J.,1484.27,1500.0,1,0,1,2024-04-03
ATP,Miguel L.,1484.05,1500.0,1,0,1,
ATP,Couacaud E.,1484.0,1500.0,1,0,1,2024-07-22
ATP,Chan D.,1484.0,1500.0,1,0,1,2026-04-08
ATP,Stewart H.,1484.0,1500.0,1,0,1,
ATP,Pereira T.,1484.0,1500.0,1,0,1,
ATP,Krumich M.,1484.0,1500.0,1,0,1,
ATP,Evans D.,1483.97,1516.74,38,13,25,2025-07-24
ATP,Barranco Cosano J.,1483.97,1500.0,1,0,1,2024-05-20
ATP,Ghibaudo A.,1483.96,1500.0,1,0,1,
ATP,Rincon D.,1483.94,1500.0,1,0,1,2024-04-15
ATP,Rehberg M.,1483.85,1500.0,1,0,1,2024-04-15
ATP,Escoffier A.,1483.84,1500.0,1,0,1,2024-01-30
ATP,Mannarino A.,1483.78,1572.15,102,38,64,
ATP,McDonald N.,1483.78,1500.0,1,0,1,
ATP,Schoenhaus M.,1483.78,1500.0,2,0,2,
ATP,Suresh D.,1483.77,1500.0,1,0,1,2025-08-18
ATP,Damas M.,1483.69,1500.0,1,0,1,
ATP,Sandgren T.,1483.57,1500.0,1,0,1,2024-02-06
ATP,Added D.,1483.55,1500.0,1,0,1,2025-11-05
ATP,Johnson S.,1483.52,1500.0,1,0,1,2024-02-06
ATP,Hemery C.,1483.45,1500.0,1,0,1,2025-07-15
ATP,Moller E.,1483.4,1500.0,13,4,9,
ATP,Valkusz M.,1483.3,1500.0,1,0,1,2024-01-16
ATP,Lalami Laaroussi Y.,1483.28,1500.0,1,0,1,2025-04-01
ATP,Pannu K.,1483.26,1500.0,1,0,1,2024-01-09
ATP,Popko D.,1483.24,1500.0,1,0,1,2025-02-11
ATP,Moutet C.,1483.23,1653.27,110,51,59,
ATP,Martineau M.,1483.18,1500.0,1,0,1,2024-06-11
ATP,Gentzsch T.,1483.07,1500.0,1,0,1,2026-09-06
ATP,Cecchinato M.,1483.05,1500.0,1,0,1,
ATP,Llamas Ruiz P.,1483.04,1533.65,16,7,9,
ATP,Zayid M.S.,1482.93,1500.0,1,0,1,
ATP,Van Rijthoven T.,1482.92,1500.0,1,0,1,2024-06-11
ATP,Giron M.,1482.89,1633.92,129,60,69,
ATP,Molleker R.,1482.67,1515.26,3,1,2,2024-07-15
ATP,Crawford O.,1482.62,1500.0,1,0,1,2025-06-30
ATP,Hernandez A.,1482.49,1509.39,3,1,2,
ATP,Mikrut L.,1482.45,1500.0,1,0,1,2024-07-21
ATP,Klizan M.,1482.45,1500.0,1,0,1,2025-04-01
ATP,Zahraj P.,1482.43,1500.0,1,0,1,2025-07-16
ATP,Boitan G.A.,1482.43,1500.0,1,0,1,
ATP,Vavassori A.,1482.24,1528.68,12,5,7,
ATP,Virtanen O.,1482.14,1519.99,22,8,14,
ATP,Bennani R.,1482.13,1500.0,1,0,1,
ATP,Ramanathan R.,1482.11,1500.0,1,0,1,2024-10-03
ATP,Kirchheimer S.,1482.05,1500.0,1,0,1,2024-08-19
ATP,Fanselow S.,1482.0,1500.0,1,0,1,2024-05-21
ATP,Vatutin A.,1481.77,1500.0,1,0,1,2024-10-15
ATP,Clarke J.,1481.42,1500.0,1,0,1,2025-07-01
ATP,Collarini A.,1481.37,1500.0,1,0,1,2024-07-22
ATP,Midon L.,1481.26,1500.0,3,1,2,
ATP,Basing M.,1481.26,1500.0,1,0,1,
ATP,Mayo A.,1481.17,1500.0,1,0,1,
ATP,Piros Z.,1481.1,1500.0,1,0,1,2025-08-24
ATP,Mejia N.,1481.06,1500.0,6,2,4,
ATP,Brancaccio R.,1481.01,1500.0,1,0,1,
ATP,Etcheverry T. M.,1480.99,1500.0,1,0,1,2025-10-28
ATP,Dostanic S.,1480.89,1513.24,3,1,2,2025-08-24
ATP,Paire B.,1480.59,1514.5,5,2,3,2024-07-18
ATP,Magadan A.,1480.22,1500.0,1,0,1,2025-07-16
ATP,Feldbausch K.,1480.21,1515.14,3,1,2,
ATP,Pinnington Jones J.,1480.14,1532.87,11,4,7,
ATP,Safiullin R.,1480.12,1548.0,70,26,44,
ATP,Bailly G.,1480.08,1500.0,1,0,1,2024-10-16
ATP,Forbes M.,1480.07,1500.0,1,0,1,2024-08-27
ATP,Jianu F.C.,1479.85,1515.83,3,1,2,
ATP,Ferreira Silva F.,1479.85,1500.0,1,0,1,
ATP,Djuric B.,1479.1,1500.0,1,0,1,2024-11-04
ATP,Tabur C.,1478.97,1510.07,8,3,5,
ATP,Gerasimov E.,1478.87,1500.0,1,0,1,2024-10-02
ATP,Pouille L.,1478.86,1500.0,8,3,5,2025-01-28
ATP,Guillen Meza A.,1478.56,1500.0,1,0,1,2025-07-21
ATP,Schwaerzler J.,1478.55,1500.0,2,0,2,2024-10-21
ATP,Prado Angelo J.C.,1478.13,1515.02,3,1,2,
ATP,McCabe J.,1477.79,1500.0,4,1,3,2026-11-06
ATP,Pavlovic L.,1477.64,1500.0,2,0,2,
ATP,Guinard M.,1477.59,1500.0,4,1,3,2025-02-11
ATP,Zhou Y.,1476.99,1516.0,8,3,5,2025-10-02
ATP,Blanch Dar.,1476.55,1510.34,6,2,4,
ATP,Pospisil V.,1476.17,1500.0,2,0,2,2025-07-28
ATP,Gill F.,1476.17,1500.0,2,0,2,
ATP,Stricker D.,1476.03,1500.13,16,6,10,
ATP,Ajdukovic D.,1475.93,1520.64,8,3,5,2024-11-06
ATP,Squire H.,1475.9,1513.42,4,1,3,2024-06-18
ATP,Monfils G.,1475.81,1709.62,90,47,43,
ATP,Napolitano S.,1475.44,1529.13,5,2,3,2024-07-16
ATP,Herbert P.H.,1475.05,1500.0,4,1,3,2024-11-06
ATP,Kubler J.,1474.86,1516.0,4,1,3,
ATP,Purcell M.,1474.85,1502.72,34,14,20,2024-08-29
ATP,Martin A.,1474.8,1500.0,2,0,2,
ATP,Seyboth Wild T.,1474.42,1547.32,57,26,31,2026-10-02
ATP,Trotter J.K.,1473.55,1500.0,2,0,2,2025-10-02
ATP,Borg L.,1472.9,1500.0,4,1,3,2025-10-15
ATP,Gaubas V.,1470.6,1560.45,15,6,9,
ATP,Misolic F.,1470.53,1541.06,21,9,12,
ATP,Blanch D.,1470.11,1500.0,2,0,2,2024-04-25
ATP,Poljicak M.,1470.02,1500.0,2,0,2,2025-07-22
ATP,Kudla D.,1469.8,1516.0,4,1,3,2024-04-02
ATP,Kouame M.,1469.38,1504.43,9,3,6,
ATP,Barrena A.,1469.15,1500.0,2,0,2,
ATP,Moro Canas A.,1469.11,1514.38,4,1,3,2024-12-31
ATP,Escobedo E.,1468.89,1500.0,2,0,2,2024-02-27
ATP,Cassone M.,1468.85,1500.0,2,0,2,
ATP,Jasika O.,1468.58,1500.0,2,0,2,2025-01-12
ATP,Benchetrit E.,1468.17,1500.0,2,0,2,2025-04-01
ATP,Broom C.,1467.77,1500.0,2,0,2,2024-07-01
ATP,Sweeny D.,1467.7,1500.0,5,1,4,
ATP,Maestrelli F.,1467.2,1500.0,5,1,4,
ATP,Loffhagen G.,1466.98,1500.0,2,0,2,2025-07-01
ATP,Zhukayev B.,1466.83,1521.23,7,2,5,2025-10-15
ATP,Gomez F.,1466.8,1500.0,4,1,3,2024-12-31
ATP,Ritschard A.,1466.38,1500.0,2,0,2,2025-03-31
ATP,Trungelliti M.,1466.32,1542.18,26,11,15,
ATP,Budkov Kjaer N.,1466.3,1514.17,10,3,7,
ATP,Gakhov I.,1466.14,1500.0,2,0,2,2025-05-19
ATP,Wendelken H.,1466.1,1500.0,2,0,2,
ATP,Dodig M.,1465.7,1516.0,4,1,3,
ATP,Sun F.,1465.64,1500.0,2,0,2,2025-09-18
ATP,Boyer T.,1464.11,1511.36,17,6,11,
ATP,Echargui M.,1463.98,1500.0,3,0,3,
ATP,Comesana F.,1463.79,1554.88,71,29,42,
ATP,Ymer M.,1463.69,1500.0,2,0,2,2025-10-14
ATP,Nava E.,1463.3,1500.0,35,12,23,
ATP,Galarneau A.,1462.73,1517.78,5,1,4,2026-09-06
ATP,Sakamoto R.,1460.59,1500.0,6,1,5,
ATP,Bellucci M.,1458.89,1543.94,65,26,39,
ATP,Mochizuki S.,1458.72,1500.0,23,7,16,
ATP,Dzumhur D.,1458.68,1516.11,75,29,46,
ATP,Kukushkin M.,1458.45,1516.62,7,2,5,2025-01-29
ATP,Garin C.,1458.16,1547.66,37,15,22,
ATP,Hijikata R.,1458.08,1532.0,86,33,53,
ATP,Koepfer D.,1457.6,1549.94,34,14,20,2025-01-29
ATP,Jacquet K.,1457.41,1506.61,13,4,9,
ATP,Polmans M.,1456.66,1500.0,3,0,3,
ATP,Svajda T.,1456.41,1500.0,3,0,3,
ATP,Moreno De Alboran N.,1454.11,1503.87,16,6,10,2025-05-08
ATP,Huesler M.A.,1454.08,1530.81,9,3,6,2024-12-31
ATP,Blanchet U.,1454.03,1500.46,13,4,9,2026-05-02
ATP,Schwaerzler J.J.,1453.83,1500.0,3,0,3,
ATP,Mpetshi G.,1453.77,1629.21,96,43,53,
ATP,Smith C.,1453.45,1531.2,10,3,7,
ATP,Neumayer L.,1453.02,1514.47,5,1,4,
ATP,Rocha H.,1453.0,1526.42,9,3,6,
ATP,Searle H.,1452.85,1500.0,3,0,3,2025-06-30
ATP,Duckworth J.,1452.72,1546.1,63,23,40,
ATP,Dedura D.,1452.09,1500.0,4,0,4,
ATP,Shimabukuro S.,1451.79,1520.84,15,5,10,
ATP,Pacheco Mendez R.,1450.37,1500.0,8,2,6,
ATP,Kwon S.W.,1449.86,1507.14,8,2,6,2024-08-26
ATP,Rottgering M.,1449.16,1500.0,3,0,3,2026-10-02
ATP,Heide G.,1449.09,1509.33,10,3,7,
ATP,Shelbayh A.,1448.79,1500.0,6,1,5,
ATP,Cressy M.,1448.47,1500.0,5,1,4,2024-07-29
ATP,Broady L.,1448.13,1516.0,5,1,4,2024-07-01
ATP,Varillas J.P.,1448.11,1500.0,8,2,6,2024-07-17
ATP,Nishioka Y.,1447.66,1554.34,58,24,34,2025-10-05
ATP,Albot R.,1447.35,1502.62,11,3,8,2025-04-01
ATP,Engel J.,1447.34,1516.63,12,4,8,
ATP,Mccabe J.,1446.95,1500.0,6,1,5,2025-01-16
ATP,Passaro F.,1446.79,1521.7,22,8,14,
ATP,Nardi L.,1446.29,1534.82,45,15,30,
ATP,Dougaz A.,1446.23,1500.0,4,0,4,2025-02-24
ATP,Choinski J.,1445.54,1515.89,14,4,10,
ATP,Goffin D.,1445.18,1607.01,66,28,38,2025-10-21
ATP,Krueger M.,1445.07,1500.0,10,3,7,2025-07-16
ATP,Basilashvili N.,1444.62,1529.27,29,11,18,
ATP,Habib H.,1444.01,1517.94,6,1,5,
ATP,Rodionov J.,1443.53,1500.0,9,2,7,
ATP,Diaz Acosta F.,1442.19,1578.89,47,21,26,
ATP,Eubanks C.,1440.81,1506.16,37,13,24,2025-07-01
ATP,Ofner S.,1440.28,1558.83,71,27,44,
ATP,Monteiro T.,1439.16,1589.27,28,12,16,
ATP,Skatov T.,1438.99,1530.77,11,3,8,
ATP,Fearnley J.,1438.5,1581.63,51,20,31,
ATP,Topo M.,1437.55,1500.0,4,0,4,
ATP,Bautista Agut R.,1437.19,1600.51,98,42,56,
ATP,Grenier H.,1436.85,1516.61,11,3,8,2026-10-02
ATP,Barrere G.,1436.77,1524.29,13,4,9,2025-01-27
ATP,Murray A.,1436.53,1500.0,18,6,12,2024-06-19
ATP,Hassan B.,1436.23,1500.0,4,0,4,
ATP,Bu Y.,1433.5,1590.69,53,20,33,
ATP,Tu L.,1432.3,1500.0,8,1,7,2025-03-07
ATP,Kyrgios N.,1431.65,1500.0,9,2,7,
ATP,Harris B.,1431.27,1567.76,24,9,15,
ATP,Walton A.,1430.44,1500.0,67,22,45,
ATP,Ymer E.,1430.4,1500.0,13,3,10,
ATP,Gasquet R.,1429.86,1500.0,27,8,19,2025-05-29
ATP,Carballes Baena R.,1429.76,1549.01,81,36,45,
ATP,Meligeni Alves F.,1428.85,1513.21,7,1,6,2025-02-26
ATP,Kotov P.,1427.71,1555.88,42,18,24,2025-04-01
ATP,Jarry N.,1427.62,1582.09,66,25,41,
ATP,Vukic A.,1425.0,1558.63,104,40,64,
ATP,O Connell C.,1424.83,1552.9,81,32,49,
ATP,Draxl L.,1423.56,1500.0,5,0,5,
ATP,Karatsev A.,1423.24,1500.0,13,3,10,2024-10-16
ATP,Muller A.,1422.88,1602.22,104,45,59,
ATP,Djere L.,1422.27,1610.12,58,24,34,
ATP,Royer V.,1421.34,1566.9,42,14,28,
ATP,McDonald M.,1421.26,1524.79,34,11,23,
ATP,Wawrinka S.,1421.1,1500.0,59,19,40,
ATP,Kypson P.,1420.77,1519.91,18,5,13,
ATP,Ramos-Vinolas A.,1420.39,1500.0,12,3,9,2024-08-26
ATP,Gojo B.,1415.96,1500.0,7,0,7,2025-05-19
ATP,Wolf J.J.,1415.5,1500.0,11,2,9,2024-07-30
ATP,Zhang Zh.,1413.44,1602.88,75,30,45,
ATP,Mcdonald M.,1412.36,1500.0,17,4,13,2024-08-27
ATP,Kovacevic A.,1411.83,1518.94,98,34,64,
ATP,Gaston H.,1409.66,1531.65,67,25,42,
ATP,Herbert P.,1409.45,1518.85,14,4,10,
ATP,Schoolkate T.,1407.92,1505.33,23,7,16,
ATP,Mayot H.,1406.21,1531.93,18,5,13,2025-04-25
ATP,Zapata Miralles B.,1405.26,1500.0,9,1,8,2024-03-08
ATP,Cina F.,1402.52,1518.81,13,3,10,
ATP,Zeppieri G.,1402.08,1515.97,14,3,11,2025-10-14
ATP,Barrios M.,1400.62,1501.87,17,4,13,
ATP,Lajovic D.,1400.04,1564.73,58,23,35,
ATP,Coria F.,1399.63,1563.86,31,11,20,2026-10-02
ATP,Schwartzman D.,1396.56,1500.0,10,1,9,2025-02-13
ATP,Dellien H.,1395.5,1514.7,18,4,14,
ATP,Fognini F.,1394.02,1563.51,33,12,21,2025-06-30
ATP,Galan D.E.,1393.29,1516.0,31,9,22,2025-08-25
ATP,Lestienne C.,1391.77,1500.0,18,4,14,2025-02-05
ATP,Holt B.,1391.77,1500.0,11,1,10,2025-08-26
ATP,Thiem D.,1388.81,1500.0,10,1,9,2024-10-22
ATP,Martinez P.,1371.08,1600.92,92,35,57,
ATP,Marterer M.,1370.45,1500.0,19,3,16,2025-05-27
ATP,Cachin P.,1368.97,1500.0,17,2,15,2024-07-16
ATP,Tseng C.H.,1365.83,1516.27,18,4,14,2026-05-03
ATP,Daniel T.,1365.25,1548.01,42,12,30,
ATP,Coric B.,1357.34,1538.0,36,11,25,2025-08-24
ATP,Nagal S.,1356.92,1517.44,24,5,19,
WTA,Barty A.,1962.3,1962.3,73,63,10,
WTA,Swiatek I.,1923.01,2051.33,346,284,62,
WTA,Halep S.,1878.51,1937.38,113,86,27,
WTA,Pegula J.,1854.03,1949.72,323,227,96,
WTA,Sabalenka A.,1849.01,2030.18,360,273,87,
WTA,Jabeur O.,1823.77,1859.29,272,182,90,
WTA,Osaka N.,1823.08,1832.53,143,96,47,
WTA,Gauff C.,1809.23,1943.91,321,227,94,
WTA,Zheng Q.,1797.03,1838.87,188,120,68,
WTA,Kontaveit A.,1788.9,1923.15,152,101,51,
WTA,Azarenka V.,1785.48,1800.55,206,133,73,
WTA,Ostapenko J.,1779.19,1821.66,257,154,103,
WTA,Rybakina E.,1775.37,1977.84,328,234,94,
WTA,Kvitova P.,1761.81,1817.51,165,103,62,
WTA,Badosa P.,1761.63,1818.35,230,150,80,
WTA,Vondrousova M.,1751.29,1793.21,183,111,72,
WTA,Krejcikova B.,1751.21,1806.8,215,139,76,
WTA,Muchova K.,1747.68,1813.89,174,115,59,
WTA,Muguruza G.,1747.05,1803.29,118,74,44,
WTA,Sakkari M.,1743.0,1838.55,285,169,116,
WTA,Garcia C.,1739.36,1739.36,231,128,103,
WTA,Bouzkova M.,1737.66,1749.68,230,127,103,
WTA,Mertens E.,1730.03,1775.74,293,176,117,
WTA,Kerber A.,1721.6,1721.6,95,56,39,
WTA,Andreeva M.,1720.5,1916.7,128,88,40,
WTA,Samsonova L.,1719.29,1765.92,257,146,111,
WTA,Brady J.,1714.47,1751.2,62,39,23,
WTA,Pliskova Ka.,1695.16,1716.3,187,107,80,
WTA,Haddad Maia B.,1694.91,1750.18,205,115,90,
WTA,Kasatkina D.,1694.75,1801.89,306,183,123,
WTA,Mboko V.,1693.16,1721.03,31,20,11,
WTA,Keys M.,1688.98,1906.49,219,138,81,
WTA,Collins D.,1684.29,1822.95,214,136,78,
WTA,Anisimova A.,1683.81,1914.69,194,122,72,
WTA,Noskova L.,1682.82,1758.11,151,90,61,
WTA,Alexandrova E.,1681.84,1790.84,296,178,118,
WTA,Svitolina E.,1675.98,1859.92,209,135,74,
WTA,Bencic B.,1670.1,1834.8,210,138,72,
WTA,Kessler M.,1657.93,1681.12,72,39,33,2025-10-22
WTA,Shnaider D.,1656.69,1732.42,141,85,56,
WTA,Joint M.,1654.64,1679.39,55,33,22,2025-11-01
WTA,Sorribes Tormo S.,1651.53,1717.05,171,93,78,
WTA,Zhang S.,1648.56,1648.56,175,79,96,
WTA,Cirstea S.,1645.05,1698.13,213,113,100,
WTA,Kudermetova V.,1644.02,1790.91,284,159,125,
WTA,Begu I.,1639.13,1681.66,143,77,66,
WTA,Fernandez L.A.,1630.18,1757.42,223,127,96,
WTA,Teichmann J.,1626.33,1668.7,150,71,79,
WTA,Andreescu B.,1625.73,1692.7,125,68,57,
WTA,Raducanu E.,1624.64,1741.66,142,79,63,
WTA,Boisson L.,1622.49,1650.5,20,14,6,2025-09-29
WTA,Boulter K.,1621.76,1642.57,136,69,67,
WTA,Pavlyuchenkova A.,1619.68,1692.61,162,88,74,
WTA,Giorgi C.,1619.54,1691.15,127,67,60,
WTA,Cornet A.,1619.39,1636.9,156,76,80,
WTA,Osorio M.,1618.83,1626.8,161,84,77,
WTA,Stephens S.,1618.16,1638.01,169,79,90,
WTA,Tomljanovic A.,1617.09,1658.41,176,83,93,
WTA,Paolini J.,1615.37,1852.68,253,147,106,
WTA,Williams S.,1613.45,1704.99,44,31,13,
WTA,Valentova T.,1610.2,1623.6,13,9,4,2025-10-19
WTA,Potapova A.,1608.96,1722.62,217,120,97,
WTA,Riske A.,1608.69,1647.75,86,45,41,
WTA,Wozniacki C.,1607.25,1629.74,41,24,17,
WTA,Tjen J.,1606.32,1606.32,13,10,3,2025-11-02
WTA,Lys E.,1602.09,1677.05,75,40,35,
WTA,Tauson C.,1601.18,1759.86,154,86,68,
WTA,Sasnovich A.,1599.81,1665.8,169,84,85,
WTA,Jovic I.,1599.72,1616.7,26,15,11,2025-10-09
WTA,Cristian J.,1596.91,1649.73,136,68,68,
WTA,Juvan K.,1595.2,1595.2,88,41,47,
WTA,Kostyuk M.,1593.9,1748.4,213,116,97,
WTA,Vekic D.,1589.52,1686.45,197,99,98,
WTA,Kalinina A.,1587.58,1673.46,174,86,88,
WTA,Martic P.,1586.55,1647.53,176,86,90,
WTA,Navarro E.,1584.62,1755.44,158,92,66,
WTA,Kanepi K.,1584.38,1639.67,88,42,46,
WTA,Bronzetti L.,1583.29,1600.49,158,69,89,
WTA,Burel C.,1582.93,1630.2,109,51,58,
WTA,Konta J.,1582.84,1591.18,35,18,17,
WTA,Stearns P.,1582.79,1695.15,112,54,58,
WTA,Li A.,1581.37,1664.55,136,73,63,
WTA,Tsurenko L.,1580.25,1664.41,102,50,52,
WTA,Siniakova K.,1579.98,1730.63,219,109,110,
WTA,Linette M.,1578.4,1663.1,243,121,122,
WTA,Golubic V.,1575.84,1585.4,138,62,76,
WTA,Rogers S.,1575.67,1654.25,135,68,67,
WTA,Fruhvirtova L.,1574.49,1585.25,82,36,46,
WTA,Maria T.,1572.11,1610.59,154,69,85,
WTA,Kalinskaya A.,1571.31,1743.63,189,104,85,
WTA,Townsend T.,1571.06,1632.48,72,34,38,
WTA,Sevastova A.,1569.52,1572.75,72,31,41,
WTA,Watson H.,1562.85,1562.85,89,37,52,
WTA,Kuznetsova S.,1561.49,1592.35,28,12,16,
WTA,Martincova T.,1560.91,1565.0,118,52,66,
WTA,Kartal S.,1559.7,1609.29,43,22,21,
WTA,McNally C.,1558.91,1576.53,23,12,11,2025-10-24
WTA,Arango E.,1557.88,1576.52,48,21,27,
WTA,Bertens K.,1556.02,1610.35,27,14,13,
WTA,Siegemund L.,1551.88,1641.81,131,65,66,
WTA,Bellis C.,1551.64,1559.86,14,7,7,
WTA,Zhu L.,1551.02,1632.39,134,61,73,
WTA,Rakotomanga Rajaonah T.,1550.62,1588.95,12,8,4,2025-10-27
WTA,Zanevska M.,1547.7,1570.18,52,24,28,
WTA,Putintseva Y.,1547.09,1765.55,249,136,113,
WTA,Kenin S.,1545.95,1724.31,197,101,96,
WTA,Seidel E.,1545.41,1598.43,32,17,15,
WTA,Sawangkaew M.,1544.91,1556.12,12,7,5,2025-01-31
WTA,Bouzas Maneiro J.,1544.63,1652.74,69,34,35,
WTA,Tagger L.,1543.96,1560.42,5,4,1,2025-11-02
WTA,Sramkova R.,1542.56,1663.12,84,45,39,
WTA,Bogdan A.,1542.04,1590.52,106,47,59,
WTA,Sun L.,1541.06,1611.24,60,27,33,
WTA,Pironkova T.,1539.22,1550.1,16,8,8,
WTA,Parry D.,1538.32,1567.79,107,51,56,
WTA,Frech M.,1536.7,1647.52,169,72,97,
WTA,Wang Xin.,1533.71,1636.96,184,86,98,
WTA,Boskovic L.,1529.15,1547.98,6,4,2,2025-04-04
WTA,Saville D.,1528.28,1592.0,80,38,42,
WTA,Bouchard E.,1526.83,1605.68,37,21,16,
WTA,Niemeier J.,1525.46,1585.18,87,37,50,
WTA,Zvonareva V.,1525.41,1528.49,52,21,31,
WTA,Masarova R.,1524.97,1563.34,63,27,36,
WTA,Ruzic A.,1523.6,1545.96,23,11,12,2025-10-14
WTA,Salkova D.,1522.82,1540.41,12,7,5,
WTA,Zheng S.,1521.56,1555.94,44,17,27,
WTA,Goerges J.,1521.18,1544.34,12,6,6,
WTA,Wang Q.,1520.9,1577.97,65,29,36,
WTA,Ruse E.G.,1520.82,1628.34,98,44,54,
WTA,Pareja J.,1520.57,1543.78,5,3,2,2025-08-25
WTA,Ito A.,1519.52,1550.57,16,7,9,2025-08-12
WTA,Sonmez Z.,1518.61,1573.16,41,19,22,
WTA,Gavrilova D.,1518.3,1518.3,6,3,3,
WTA,Krueger A.,1517.89,1651.66,103,44,59,
WTA,Konjuh A.,1517.22,1571.26,53,23,30,
WTA,Schmiedlova A.,1516.1,1532.68,110,45,65,
WTA,Korpatsch T.,1515.44,1538.82,76,27,49,
WTA,Cocciaretto E.,1515.11,1598.63,143,65,78,
WTA,Avanesyan E.,1514.59,1620.25,103,51,52,
WTA,Lamens S.,1514.2,1589.02,62,30,32,
WTA,Pera B.,1514.17,1626.63,163,68,95,
WTA,Riera J.,1512.99,1532.37,23,11,12,
WTA,Iatcenko P.,1512.7,1529.03,3,2,1,2025-10-31
WTA,Hruncakova V.,1512.52,1538.61,17,7,10,
WTA,Pohankova M.,1512.15,1526.39,3,2,1,2025-10-31
WTA,Bucsa C.,1511.97,1562.81,118,44,74,
WTA,Siskova A.,1511.66,1534.3,5,3,2,
WTA,Da Silva Fick G.,1510.65,1521.83,2,1,1,
WTA,Danilovic O.,1510.5,1655.44,78,41,37,
WTA,Timofeeva M.,1510.32,1555.37,22,11,11,
WTA,Dolehide C.,1507.32,1566.84,104,42,62,
WTA,Ishii S.,1506.78,1520.11,4,2,2,2025-03-19
WTA,Sonobe W.,1506.42,1519.87,5,2,3,2025-10-23
WTA,Morvayova V.,1506.14,1516.0,2,1,1,2025-10-29
WTA,Tararudee L.,1506.0,1538.26,8,4,4,
WTA,Garland J.,1505.2,1521.51,8,4,4,2025-11-01
WTA,Jones E.,1505.03,1517.82,3,1,2,2025-01-14
WTA,Bolsova Zadoinov A.,1504.81,1518.36,2,1,1,2025-05-21
WTA,Blinkova A.,1504.69,1627.79,181,78,103,
WTA,Peterson R.,1503.85,1569.87,83,36,47,
WTA,Hanatani N.,1503.69,1514.96,2,1,1,
WTA,Sakatsume H.,1503.51,1549.51,7,3,4,
WTA,Stakusic M.,1503.35,1514.7,20,9,11,
WTA,Noha Akugue N.,1502.63,1538.95,10,5,5,
WTA,Berberovic N.,1502.6,1520.2,2,1,1,
WTA,Smitkova T.,1501.74,1514.77,2,1,1,
WTA,Davis L.,1501.61,1543.55,112,46,66,
WTA,Gasparyan M.,1501.52,1516.0,17,7,10,
WTA,Yamalapalli S.,1501.51,1516.0,2,1,1,2025-10-30
WTA,Vesnina E.,1500.84,1500.84,5,2,3,
WTA,Petkovic A.,1500.49,1558.37,48,19,29,
WTA,Routliffe E.,1500.3,1500.3,2,1,1,
WTA,Nara K.,1500.24,1532.05,6,3,3,2021-09-06
WTA,Turati B.,1499.77,1515.18,2,1,1,2021-08-01
WTA,Anshba A.,1499.63,1519.03,4,2,2,
WTA,Zuger J.,1499.12,1513.39,2,1,1,
WTA,Vidmanova D.,1499.06,1515.09,2,1,1,2025-09-10
WTA,Candiotto A.,1498.75,1516.0,2,1,1,2025-09-11
WTA,Pieri T.,1498.41,1515.34,2,1,1,2025-05-21
WTA,Bhamidipaty S.R.,1498.25,1516.0,2,1,1,2025-10-30
WTA,Plipuech P.,1497.83,1515.23,2,1,1,2020-12-02
WTA,Leme Da Silva N.V.,1497.71,1514.48,2,1,1,2025-09-10
WTA,Branstine C.,1497.63,1523.57,4,1,3,2025-07-29
WTA,Fernandez L.,1497.59,1532.09,6,3,3,
WTA,Yastremska D.,1497.51,1690.58,179,82,97,
WTA,Brace C.,1497.4,1513.38,2,1,1,
WTA,Lansere S.,1497.37,1519.54,4,2,2,
WTA,Garcia Perez G.,1497.29,1513.56,4,2,2,2021-10-06
WTA,Trevisan M.,1497.21,1659.42,125,50,75,
WTA,Thandi K.,1497.15,1510.79,2,1,1,
WTA,Lizarazo Y.,1496.7,1513.39,2,1,1,2022-06-04
WTA,Sierra S.,1496.63,1520.48,13,6,7,2025-09-12
WTA,Okalova M.,1496.61,1511.82,2,1,1,2025-09-10
WTA,Jakupovic D.,1496.02,1513.01,4,2,2,
WTA,Schmiedlova A.K.,1495.49,1500.0,1,0,1,
WTA,Werner C.,1495.22,1516.0,3,1,2,2025-10-29
WTA,Abanda F.,1495.09,1514.06,2,1,1,
WTA,Suarez Navarro C.,1494.95,1510.83,8,2,6,
WTA,Avdeeva J.,1494.79,1500.0,1,0,1,2024-05-27
WTA,Gracheva V.,1494.73,1610.61,182,77,105,
WTA,Wang Xiy.,1494.1,1602.6,134,59,75,
WTA,Chang H.,1493.94,1514.16,2,1,1,2025-04-03
WTA,Middendorf J.,1493.89,1500.0,1,0,1,
WTA,Fita Boluda A.,1493.79,1500.0,1,0,1,
WTA,Hives Z.,1493.33,1500.0,1,0,1,
WTA,Ahn A.,1493.05,1500.0,1,0,1,2025-08-25
WTA,Wagner S.,1492.98,1500.0,1,0,1,
WTA,Larsson J.,1492.79,1500.0,1,0,1,
WTA,Jeong B.,1492.7,1500.0,1,0,1,
WTA,Gleason Q.,1492.31,1500.0,1,0,1,
WTA,Naito Y.,1492.18,1500.0,1,0,1,
WTA,Romero Gormaz L.,1491.72,1509.24,7,3,4,2025-07-18
WTA,Sobolieva A.,1491.51,1500.0,1,0,1,2025-05-25
WTA,Gerlach K.,1491.5,1500.0,1,0,1,
WTA,Zarazua R.,1491.47,1529.44,60,22,38,
WTA,Robbe A.,1491.12,1500.0,1,0,1,2024-04-16
WTA,Fung S.,1491.01,1500.0,1,0,1,
WTA,Yang Zha.,1490.94,1500.0,1,0,1,2021-07-01
WTA,Sidorova K.,1490.88,1500.0,1,0,1,2025-10-27
WTA,Stollar F.,1490.52,1508.26,5,2,3,
WTA,Arseneault A.,1490.2,1500.0,1,0,1,2025-07-28
WTA,Glatch A.,1490.07,1500.0,1,0,1,
WTA,Hovde L.,1489.97,1500.0,1,0,1,2024-03-08
WTA,Stevanovic N.,1489.74,1533.35,9,4,5,
WTA,Bartunkova N.,1489.66,1547.64,9,4,5,
WTA,Nuudi M.,1489.25,1500.0,1,0,1,
WTA,Harrison C.,1489.08,1500.0,1,0,1,
WTA,Baszak W.,1488.94,1500.0,1,0,1,
WTA,Birrell K.,1488.77,1565.83,74,33,41,
WTA,Zhang R.,1488.66,1500.0,1,0,1,2025-09-24
WTA,Schuurs D.,1488.64,1500.0,1,0,1,
WTA,Hewitt D.,1488.61,1500.0,1,0,1,
WTA,Tona M.,1488.22,1500.0,1,0,1,2025-09-10
WTA,Koevermans A.,1488.21,1500.0,1,0,1,2025-06-11
WTA,Piter K.,1488.14,1500.0,1,0,1,
WTA,Wickmayer Y.,1487.9,1500.0,27,10,17,
WTA,Lodikova D.,1487.69,1500.0,1,0,1,2025-07-15
WTA,Bhatia R.,1487.59,1500.0,1,0,1,
WTA,Babel O.,1487.52,1500.0,1,0,1,2021-01-06
WTA,Lao D.,1487.49,1500.0,1,0,1,
WTA,Sugnaux T.,1487.44,1500.0,1,0,1,
WTA,Yashina E.,1487.39,1500.0,1,0,1,
WTA,Schoofs B.,1487.36,1500.0,1,0,1,2020-12-02
WTA,Urgesi F.,1487.35,1500.0,1,0,1,2025-05-07
WTA,Wu H.C.,1487.31,1500.0,1,0,1,2023-11-10
WTA,Van den Broek I.L.,1487.29,1500.0,1,0,1,2025-06-11
WTA,Hui K.,1487.26,1500.0,1,0,1,2024-02-28
WTA,Toth A.,1487.04,1505.49,3,1,2,
WTA,Georges M.,1486.95,1500.0,1,0,1,
WTA,Lazaro A.,1486.95,1500.0,1,0,1,
WTA,Maristany G.,1486.82,1500.0,1,0,1,2025-07-14
WTA,Gervais J.,1486.71,1500.0,1,0,1,
WTA,Jiang X.,1486.69,1500.0,1,0,1,
WTA,Kotliar Y.,1486.68,1500.0,1,0,1,2025-05-19
WTA,Pieri J.,1486.55,1500.0,1,0,1,
WTA,Zaja A.,1486.31,1515.5,3,1,2,
WTA,Yu E.,1486.3,1500.0,1,0,1,
WTA,Samudio A.,1486.24,1500.0,1,0,1,2023-03-04
WTA,Tkacheva M.,1486.18,1500.0,1,0,1,
WTA,Gibbs N.,1486.16,1500.0,1,0,1,2020-06-01
WTA,Stusek J.,1486.1,1500.0,1,0,1,2024-06-25
WTA,Pigato L.,1486.08,1516.0,4,1,3,
WTA,Ewald W.,1486.01,1500.0,1,0,1,
WTA,Higuita Barraza M.,1485.89,1500.0,1,0,1,2025-04-01
WTA,Kostovic T.,1485.84,1500.0,1,0,1,2025-04-23
WTA,Bassols Ribera M.,1485.62,1500.0,1,0,1,
WTA,Adkar V.,1485.58,1500.0,1,0,1,2025-10-29
WTA,Glozman V.,1485.52,1500.0,1,0,1,2025-08-26
WTA,Kung L.,1485.47,1545.82,15,7,8,
WTA,Kubka M.,1485.39,1500.0,1,0,1,
WTA,Noel A.,1485.35,1500.0,1,0,1,2024-08-27
WTA,Duerst J.,1485.34,1500.0,1,0,1,
WTA,Hozumi E.,1485.32,1500.0,1,0,1,
WTA,Grey S.,1485.26,1500.0,1,0,1,2021-06-06
WTA,Dart H.,1485.01,1543.2,94,37,57,
WTA,Wuerth T.,1484.98,1500.0,1,0,1,2025-07-14
WTA,Lovric P.,1484.96,1500.0,1,0,1,
WTA,Xu M.,1484.95,1513.62,4,1,3,2025-06-30
WTA,Kobori M.,1484.94,1500.0,1,0,1,2025-10-27
WTA,Ciric Bagaric L.,1484.93,1500.0,1,0,1,2024-05-28
WTA,Ruse E-G.,1484.9,1500.0,1,0,1,
WTA,Hunter S.,1484.87,1515.64,19,8,11,
WTA,Han X.,1484.85,1500.0,1,0,1,2020-11-02
WTA,Knutson G.,1484.84,1500.0,1,0,1,2023-01-08
WTA,Bechri C.,1484.83,1500.0,1,0,1,2024-09-09
WTA,Zucchini A.,1484.55,1500.0,1,0,1,2025-05-07
WTA,Yang Y.,1484.5,1500.0,1,0,1,
WTA,Tian F.,1484.48,1500.0,1,0,1,2023-01-10
WTA,Moore T.,1484.4,1516.0,3,1,2,
WTA,Zantedeschi A.,1484.29,1500.0,1,0,1,
WTA,Yao X.,1484.26,1500.0,3,1,2,2024-10-30
WTA,Shinikova I.,1484.11,1500.0,2,0,2,
WTA,Ivanov V.,1484.07,1500.0,1,0,1,2020-06-01
WTA,Curmi F.,1484.03,1500.0,1,0,1,
WTA,Komardina A.,1484.0,1500.0,1,0,1,2020-02-03
WTA,Hourigan P.M.,1484.0,1500.0,1,0,1,2020-07-01
WTA,Cheapchandej P.,1484.0,1500.0,1,0,1,2020-10-02
WTA,Cherubini D.,1484.0,1500.0,1,0,1,2023-09-05
WTA,Sanchez Uribe M.J.,1484.0,1500.0,1,0,1,2025-04-01
WTA,Steiner V.,1484.0,1500.0,1,0,1,2025-07-15
WTA,Strakhova V.,1484.0,1500.0,1,0,1,2025-09-09
WTA,Wong Hong Yi C.,1484.0,1500.0,1,0,1,2025-10-27
WTA,Zhu C.,1484.0,1500.0,1,0,1,2025-10-28
WTA,Rajeshwaran Revathi M.,1484.0,1500.0,1,0,1,2025-10-29
WTA,Nugroho P.M.,1484.0,1500.0,1,0,1,2025-10-29
WTA,Seguel D.,1483.99,1517.46,3,1,2,2022-05-04
WTA,Samson L.,1483.81,1500.0,1,0,1,2025-07-22
WTA,Hradecka L.,1483.77,1500.0,1,0,1,2021-07-01
WTA,Kalashnikova O.,1483.66,1500.0,1,0,1,2021-03-02
WTA,Reyngold E.,1483.65,1500.0,1,0,1,
WTA,Rajecki A.,1483.63,1500.0,1,0,1,2024-06-18
WTA,Iliev S.,1483.63,1500.0,1,0,1,
WTA,Vrancken Peeters A.,1483.5,1500.0,1,0,1,2025-06-09
WTA,Papadakis L.,1483.4,1500.0,2,0,2,
WTA,Olyanovskaya V.,1483.39,1500.0,1,0,1,
WTA,Kovackova A.,1483.29,1500.0,1,0,1,2025-07-22
WTA,Sutjiadi A.,1483.28,1500.0,1,0,1,
WTA,Duan Y.Y.,1483.26,1500.0,1,0,1,2020-07-01
WTA,Muramatsu C.,1483.26,1500.0,1,0,1,2020-11-02
WTA,Plazas J.,1483.26,1500.0,1,0,1,2021-06-04
WTA,Kostic N.,1483.23,1500.0,1,0,1,2020-10-02
WTA,Vicens Mas R.,1483.08,1500.0,1,0,1,2023-04-04
WTA,Liu F.,1483.07,1500.0,1,0,1,2024-10-29
WTA,Ghioroaie I.G,1483.03,1500.0,1,0,1,
WTA,Yang V.,1483.0,1500.0,1,0,1,2024-12-31
WTA,Wang M.,1482.93,1500.0,1,0,1,2024-09-26
WTA,Barry M.,1482.9,1500.0,1,0,1,2024-01-01
WTA,Falkner Z.,1482.87,1500.0,1,0,1,
WTA,Geerlings Martinez A.,1482.86,1500.0,1,0,1,2025-07-15
WTA,Havlickova L.,1482.83,1501.21,6,2,4,
WTA,Spiteri D.,1482.82,1500.0,1,0,1,2023-09-05
WTA,Mediorreal Arias V.,1482.75,1500.0,1,0,1,2024-04-02
WTA,Marcinko P.,1482.74,1517.08,5,2,3,
WTA,Rogers A.S.,1482.69,1500.0,1,0,1,2025-09-09
WTA,Tjandramulia O.,1482.68,1500.0,1,0,1,
WTA,Raducànu E.,1482.63,1500.0,1,0,1,2021-03-08
WTA,Chwalinska M.,1482.58,1512.46,10,4,6,
WTA,Benoit M.,1482.5,1500.0,1,0,1,2024-07-22
WTA,Saito S.,1482.44,1535.83,5,2,3,2024-10-28
WTA,Hobgarski K.,1482.44,1500.0,1,0,1,
WTA,Burillo I.,1482.36,1500.0,4,1,3,
WTA,Talaba G.,1482.31,1500.0,1,0,1,2021-06-04
WTA,Kichenok N.,1482.23,1500.0,1,0,1,2022-04-04
WTA,Ignatik A.,1482.21,1500.0,1,0,1,
WTA,Ormaechea P.,1482.16,1514.62,6,2,4,
WTA,Kulambayeva Z.,1482.14,1500.0,1,0,1,
WTA,Bjorklund M.,1482.13,1515.18,16,6,10,
WTA,Mcnally C.,1482.12,1531.97,60,25,35,
WTA,Matoula M.,1482.1,1500.0,1,0,1,
WTA,Popa G.S.,1482.09,1500.0,1,0,1,2025-07-15
WTA,Dabrowski G.,1481.99,1500.0,1,0,1,2021-02-02
WTA,Baptiste H.,1481.98,1621.49,86,37,49,
WTA,Jani R-L.,1481.97,1500.0,1,0,1,
WTA,Morderger Y.,1481.95,1500.0,1,0,1,
WTA,Burillo Escorihuela I.,1481.9,1500.0,3,1,2,2025-07-17
WTA,Krawczyk D.,1481.89,1500.0,1,0,1,2021-05-04
WTA,Herrero Linana A.,1481.59,1500.0,1,0,1,2025-07-15
WTA,Ortenzi J.,1481.54,1500.0,1,0,1,2025-09-09
WTA,Mitu A.,1481.46,1500.0,1,0,1,2024-02-06
WTA,Hibi M.,1481.44,1500.0,3,1,2,
WTA,Fullana L.,1481.38,1500.0,1,0,1,2025-09-09
WTA,Falkowska W.,1481.38,1513.13,3,1,2,
WTA,Rapolu M.,1481.35,1500.0,1,0,1,2025-02-24
WTA,Harrison Ca.,1481.29,1500.0,4,1,3,
WTA,Caregaro M.,1481.27,1500.0,1,0,1,
WTA,Korneeva A.,1481.02,1533.87,11,5,6,2025-10-27
WTA,Peng S.,1481.0,1516.0,5,2,3,
WTA,Guth M.,1480.74,1500.0,1,0,1,
WTA,Barros V.L.,1480.72,1500.0,1,0,1,2025-09-08
WTA,Grabher J.,1480.67,1512.33,49,18,31,
WTA,Kozlova K.,1480.62,1500.0,28,11,17,
WTA,Paganetti V.,1480.59,1500.0,1,0,1,2024-05-07
WTA,Lew Yan Foon A.,1480.57,1500.0,1,0,1,2025-10-29
WTA,Mediorreal A.V.,1480.55,1500.0,1,0,1,2025-04-01
WTA,Torres Murcia M.C.,1480.48,1500.0,1,0,1,2025-04-01
WTA,Hosogi S.,1480.46,1500.0,1,0,1,
WTA,Bains N.,1480.41,1500.0,1,0,1,
WTA,Herazo M.,1480.35,1500.0,1,0,1,2022-04-04
WTA,Urhobo A.,1480.21,1500.0,1,0,1,2024-10-30
WTA,Perrin C.,1480.17,1500.0,1,0,1,
WTA,Mishina D.,1479.98,1500.0,1,0,1,
WTA,Higuita Barraza M. I.,1479.74,1500.0,1,0,1,2024-04-01
WTA,Ren Y.,1479.52,1500.0,1,0,1,2024-09-26
WTA,Abduraimova N.,1479.33,1500.0,2,0,2,
WTA,Wurth T.,1479.23,1500.0,2,0,2,
WTA,Radisic N.,1479.23,1500.0,1,0,1,
WTA,Friedsam A.L.,1479.22,1532.25,51,20,31,
WTA,Diyas Z.,1479.12,1522.06,43,18,25,
WTA,Rodina E.,1478.87,1506.35,15,5,10,
WTA,Chang S.,1478.57,1500.0,2,0,2,
WTA,Radivojevic L.,1478.24,1500.0,1,0,1,
WTA,Laskutova K.,1478.14,1500.0,1,0,1,2024-09-17
WTA,Zheng W.,1477.46,1500.0,3,1,2,2025-10-29
WTA,Makarova E.,1477.22,1511.85,10,4,6,
WTA,Malygina E.,1477.01,1500.0,2,0,2,
WTA,Gasanova A.,1476.87,1523.53,26,11,15,
WTA,Pattinama Kerkhove L.,1476.75,1500.0,13,4,9,
WTA,Liu C.,1476.44,1549.35,86,35,51,
WTA,Bejlek S.,1476.32,1529.75,17,6,11,
WTA,Mateas M.,1476.21,1515.38,6,2,4,
WTA,Crawley F.,1475.79,1500.0,2,0,2,
WTA,Kawa K.,1475.44,1503.25,28,11,17,
WTA,Vedder E.,1475.15,1500.0,3,0,3,
WTA,Sebov K.,1475.14,1503.68,10,3,7,
WTA,Selekhmeteva O.,1474.78,1531.16,14,5,9,
WTA,Klugman H.,1474.75,1500.0,2,0,2,2025-06-30
WTA,Volodko K.,1474.62,1500.0,2,0,2,
WTA,Podoroska N.,1474.59,1546.85,113,47,66,
WTA,Mattek-Sands B.,1474.46,1502.03,6,2,4,
WTA,Sharapova M.,1474.22,1500.0,2,0,2,
WTA,Charaeva A.,1473.54,1500.0,2,0,2,2025-10-29
WTA,Zidansek T.,1473.32,1614.87,111,52,59,
WTA,Murray S.,1473.23,1500.0,2,0,2,
WTA,Yamaguchi M.,1473.2,1500.0,4,1,3,2025-10-30
WTA,Sharma A.,1473.03,1539.04,58,23,35,
WTA,Inoue H.,1472.86,1500.0,2,0,2,2025-08-25
WTA,Zueger J.,1472.8,1500.0,2,0,2,
WTA,Cadantu A.,1472.77,1508.95,3,1,2,
WTA,Min G.,1472.62,1504.58,8,3,5,
WTA,Prisacariu A.,1472.61,1500.0,2,0,2,
WTA,Gabueva A.,1472.55,1500.0,2,0,2,
WTA,Hontama M.,1472.26,1500.0,37,13,24,
WTA,Vandeweghe C.,1472.14,1513.05,27,9,18,
WTA,Ristic M.,1472.12,1500.0,2,0,2,
WTA,Kiick A.,1472.03,1500.0,2,0,2,2022-04-04
WTA,Naef C.,1471.96,1501.55,9,3,6,
WTA,Ku Y.,1471.77,1500.0,2,0,2,2025-09-15
WTA,Shi H.,1471.2,1500.0,6,2,4,2025-09-24
WTA,Burrage J.,1471.18,1539.59,46,19,27,
WTA,Mansouri Y.,1470.82,1500.0,2,0,2,2025-09-09
WTA,Zacarias M.,1470.81,1515.32,4,1,3,
WTA,Paoletti M.,1470.72,1500.0,4,1,3,
WTA,Dulgheru A.,1470.61,1500.0,2,0,2,
WTA,Janicijevic S.,1470.59,1530.58,9,4,5,
WTA,Topalova G.,1470.38,1500.0,2,0,2,2024-07-22
WTA,Swan K.,1470.36,1517.42,11,4,7,
WTA,Stojsavljevic M.,1470.33,1500.0,2,0,2,2025-06-30
WTA,Erjavec V.,1470.32,1510.17,7,2,5,2025-10-28
WTA,Martinez Cirez C.,1470.26,1500.0,2,0,2,2025-05-19
WTA,Pridankina E.,1470.06,1500.0,6,2,4,2025-10-29
WTA,Snigur D.,1469.88,1500.0,17,6,11,
WTA,Kucova K.,1469.79,1500.0,33,12,21,
WTA,Silva E.,1469.73,1500.0,2,0,2,2022-07-06
WTA,Tig P.M.,1469.64,1544.83,40,17,23,
WTA,Pedone G.,1469.52,1500.0,2,0,2,2025-05-06
WTA,Lottner A.,1469.47,1500.0,2,0,2,
WTA,Rodriguez V.,1469.25,1500.0,4,1,3,2025-09-10
WTA,Chong E.,1468.89,1500.0,4,1,3,2025-10-30
WTA,Olmos G.,1468.28,1500.0,2,0,2,2022-11-01
WTA,Anderson R.,1468.11,1500.0,2,0,2,
WTA,Monroy Y.,1468.1,1500.0,2,0,2,2024-04-03
WTA,Kabbaj Y.,1467.99,1500.0,2,0,2,2025-05-20
WTA,Shymanovich I.,1467.8,1500.0,10,3,7,
WTA,Flink V.,1467.29,1500.0,2,0,2,2020-11-02
WTA,Appleton E.,1467.15,1500.0,2,0,2,
WTA,Soboleva A.,1466.98,1500.0,2,0,2,
WTA,Park S.,1466.96,1500.0,2,0,2,
WTA,Mendez S.,1466.94,1500.0,2,0,2,2022-05-01
WTA,Ferrando C.,1466.86,1500.0,2,0,2,
WTA,Cross K.,1466.83,1500.0,2,0,2,
WTA,Wong C.,1466.33,1500.0,2,0,2,2024-10-29
WTA,Grant T.C.,1466.06,1500.0,2,0,2,2025-05-07
WTA,Galfi D.,1465.88,1545.56,62,26,36,
WTA,Hibino N.,1465.71,1502.16,96,33,63,
WTA,Hesse A.,1465.52,1500.0,3,0,3,
WTA,Di Giuseppe M.,1465.46,1500.0,5,1,4,
WTA,Miyazaki Y.,1465.05,1515.92,12,4,8,
WTA,Bolkvadze M.,1464.64,1500.0,3,0,3,2025-06-10
WTA,Baindl K.,1464.58,1524.49,33,13,20,
WTA,Rosatello C.,1464.39,1503.06,9,3,6,
WTA,Waltert S.,1464.35,1506.04,20,8,12,
WTA,Rouvroy M.,1463.84,1500.0,2,0,2,2025-07-15
WTA,Ozgen P.,1463.08,1500.0,2,0,2,
WTA,Ma Y.,1462.89,1503.62,5,1,4,
WTA,El Allami M.,1462.12,1500.0,2,0,2,
WTA,Puig M.,1461.95,1500.0,3,0,3,
WTA,Yuan Y.,1461.81,1622.63,104,46,58,
WTA,Nahimana S.,1461.47,1515.1,4,1,3,
WTA,Jimenez V.,1461.17,1503.43,7,2,5,
WTA,Maleckova J.,1461.16,1500.0,3,0,3,
WTA,Okamura K.,1461.03,1515.8,5,1,4,
WTA,Lapko V.,1460.94,1516.0,9,3,6,
WTA,Krunic A.,1460.89,1511.36,39,14,25,
WTA,Gao X.,1460.62,1516.0,5,1,4,2025-07-21
WTA,Parks A.,1460.46,1557.4,98,37,61,
WTA,Bandecchi S.,1460.36,1500.0,5,1,4,
WTA,Starodubtseva Y.,1460.31,1558.6,41,16,25,2025-10-27
WTA,Di Sarra F.,1459.93,1500.0,2,0,2,
WTA,Vikhlyantseva N.,1459.44,1500.0,10,3,7,
WTA,Tan H.,1459.18,1514.43,35,13,22,
WTA,Arruabarrena L.,1458.79,1514.58,7,2,5,
WTA,Nugroho P.,1458.57,1500.0,2,0,2,2024-10-28
WTA,Brengle M.,1457.56,1532.0,73,25,48,
WTA,Lisicki S.,1457.48,1500.0,7,2,5,
WTA,Wang Yaf.,1457.13,1544.39,9,3,6,
WTA,Sherif M.,1456.9,1531.83,107,35,72,
WTA,Lu J.,1456.65,1500.0,2,0,2,2024-10-29
WTA,Naklo T.,1456.51,1500.0,3,0,3,2025-10-29
WTA,Glushko L.,1456.33,1515.43,5,1,4,
WTA,Saigo R.,1456.19,1500.0,3,0,3,
WTA,Kovinic D.,1456.07,1576.76,82,35,47,
WTA,Montgomery R.,1455.68,1510.75,35,13,22,
WTA,El Aouni A.,1455.3,1500.0,3,0,3,
WTA,Han N.L.,1454.96,1500.0,8,2,6,
WTA,Back D.,1453.36,1517.96,5,1,4,
WTA,Todoni A.,1453.25,1501.21,14,4,10,2025-06-30
WTA,Kuzmova V.,1453.18,1516.71,33,12,21,
WTA,Minnen G.,1453.04,1508.28,108,39,69,
WTA,Andrianjafitrimo T.,1452.83,1500.0,3,0,3,
WTA,Marino R.,1452.82,1541.44,76,27,49,
WTA,Monnet C.,1452.45,1516.0,6,1,5,
WTA,Falei A.,1451.69,1500.0,3,0,3,2025-10-27
WTA,Jamrichova R.,1450.65,1500.0,3,0,3,2025-02-25
WTA,Jani R.L.,1450.38,1500.0,11,3,8,
WTA,Palicova B.,1450.07,1500.0,5,1,4,
WTA,Betova M.,1450.07,1500.0,3,0,3,
WTA,Bulgaru M.,1450.01,1500.0,7,2,5,
WTA,Semenistaja D.,1449.94,1516.0,5,1,4,
WTA,Jacquemot E.,1449.5,1543.16,34,12,22,
WTA,Fossa Huergo N.,1449.18,1500.0,3,0,3,2025-09-08
WTA,Jorovic I.,1448.95,1520.95,6,1,5,
WTA,Parmentier P.,1448.61,1500.0,4,0,4,
WTA,Cengiz B.,1448.47,1500.0,5,1,4,2025-09-11
WTA,Khromacheva I.,1448.37,1500.0,3,0,3,
WTA,Guo H.,1448.31,1500.0,9,2,7,
WTA,Lee G.,1446.76,1500.0,6,1,5,
WTA,Serban R.,1446.66,1500.0,5,1,4,
WTA,Hatouka Y.,1446.56,1500.0,6,1,5,
WTA,Szabanin N.,1446.09,1500.0,3,0,3,
WTA,Jimenez Kasintseva V.,1446.08,1500.97,14,4,10,2025-10-27
WTA,Niculescu M.,1445.83,1500.0,5,0,5,
WTA,Gibson T.,1445.67,1500.0,10,2,8,
WTA,Zhao C.,1443.9,1500.0,14,4,10,
WTA,Aiava D.,1443.69,1514.53,10,2,8,
WTA,Mrdeza T.,1443.32,1500.0,4,0,4,
WTA,Bonaventure Y.,1443.07,1531.26,39,15,24,
WTA,Schunk N.,1442.58,1515.8,8,1,7,
WTA,Grammatikopoulou V.,1442.52,1500.0,7,1,6,
WTA,Buyukakcay C.,1442.28,1500.0,7,1,6,
WTA,Alves C.,1441.72,1500.0,6,1,5,
WTA,Strycova B.,1441.64,1517.4,25,7,18,
WTA,Savinykh V.,1441.55,1500.83,11,3,8,
WTA,Sanchez A.S.,1441.17,1500.0,4,0,4,
WTA,Oz I.,1440.46,1516.0,7,1,6,
WTA,Ngounoue C.,1439.56,1500.0,8,1,7,
WTA,Shibahara E.,1439.33,1511.16,17,5,12,
WTA,Mladenovic K.,1439.25,1556.24,69,24,45,
WTA,Vickery S.,1439.19,1516.0,22,7,15,
WTA,Stefanini L.,1438.25,1518.58,40,14,26,
WTA,Pigossi L.,1437.66,1576.6,31,13,18,
WTA,Eala A.,1436.76,1568.26,40,14,26,
WTA,Radwanska U.,1436.52,1500.0,4,0,4,
WTA,Contreras Gomez F.,1436.46,1500.0,11,2,9,
WTA,Rakhimova K.,1436.32,1550.41,120,47,73,
WTA,Von Deichmann K.,1435.71,1515.26,8,2,6,
WTA,Gorgodze E.,1435.51,1503.22,13,3,10,
WTA,Jang S.,1435.5,1500.86,9,2,7,
WTA,Mandlik E.,1435.27,1522.28,22,7,15,
WTA,Preston T.,1435.24,1500.0,8,1,7,2024-09-16
WTA,Fruhvirtova B.,1433.88,1522.25,18,5,13,
WTA,Kraus S.,1433.86,1504.64,9,2,7,
WTA,Melnikova M.,1433.76,1516.0,7,1,6,
WTA,Flipkens K.,1433.19,1516.0,27,8,19,
WTA,Bondar A.,1433.13,1578.12,106,44,62,
WTA,Jones F.,1432.83,1525.53,36,14,22,
WTA,Loeb J.,1432.34,1500.0,6,0,6,
WTA,Haas B.,1431.34,1500.74,6,1,5,
WTA,Stojanovic N.,1431.12,1532.61,36,12,24,
WTA,Hsieh S.W.,1431.1,1522.39,32,10,22,
WTA,Scott K.,1431.03,1516.0,7,1,6,
WTA,Papamichail D.,1430.23,1505.23,15,4,11,
WTA,Clijsters K.,1429.54,1500.0,5,0,5,
WTA,Prozorova T.,1429.22,1500.0,9,1,8,
WTA,Hercog P.,1428.12,1502.86,33,10,23,
WTA,Arconada U.M.,1428.0,1500.0,5,0,5,
WTA,Gadecki O.,1427.09,1500.0,32,9,23,
WTA,Van Uytvanck A.,1426.64,1606.33,78,33,45,
WTA,Kalieva E.,1426.59,1500.0,5,0,5,
WTA,Ahn K.,1426.16,1500.0,11,2,9,
WTA,Bara I.,1426.03,1530.56,32,11,21,
WTA,Wang Y.,1425.99,1534.55,56,21,35,
WTA,Bai Z.,1425.51,1522.4,21,7,14,
WTA,Carle M.,1425.01,1500.0,32,10,22,
WTA,Bondarenko K.,1423.87,1531.95,17,6,11,
WTA,Andreeva E.,1423.07,1513.45,49,16,33,
WTA,Sanders S.,1422.78,1516.0,28,7,21,
WTA,Govortsova O.,1422.46,1531.26,11,3,8,
WTA,Wei S.,1421.44,1517.01,13,3,10,
WTA,You X.,1421.18,1515.2,10,2,8,
WTA,Minella M.,1421.11,1500.0,10,2,8,
WTA,Tikhonova A.,1421.11,1500.0,5,0,5,
WTA,Muhammad A.,1420.54,1500.97,11,2,9,
WTA,Gatto-Monticone G.,1420.15,1500.0,11,2,9,
WTA,Mchale C.,1419.16,1500.0,33,8,25,
WTA,Dodin O.,1419.0,1521.18,63,22,41,
WTA,Rus A.,1418.51,1533.97,128,48,80,
WTA,Di Lorenzo F.,1417.5,1500.0,11,2,9,
WTA,Tomova V.,1417.42,1513.63,132,46,86,
WTA,Fett J.,1417.07,1500.0,29,9,20,
WTA,Lepchenko V.,1416.17,1500.15,20,6,14,
WTA,Danilina A.,1415.56,1500.0,6,0,6,
WTA,Eikeri U.,1415.26,1500.0,11,2,9,
WTA,Pliskova Kr.,1414.95,1540.5,34,12,22,
WTA,Zakharova A.,1414.19,1538.21,33,11,22,
WTA,Brancaccio N.,1413.59,1530.61,13,3,10,
WTA,Hon P.,1412.38,1500.0,30,8,22,
WTA,Liang E.S.,1411.44,1515.23,11,2,9,
WTA,Inglis M.,1409.28,1500.0,28,7,21,
WTA,Osuigwe W.,1408.6,1500.0,9,1,8,
WTA,Bolsova A.,1407.79,1516.0,23,6,17,
WTA,Bektas E.,1405.55,1532.72,27,8,19,
WTA,Rodionova Ar.,1404.49,1500.0,29,9,20,
WTA,Ferro F.,1402.62,1610.18,62,26,36,
WTA,Barthel M.,1399.9,1500.0,16,3,13,
WTA,Fourlis J.,1399.7,1500.0,10,1,9,
WTA,Raina A.,1399.61,1500.0,14,3,11,
WTA,Jeanjean L.,1399.05,1500.0,36,10,26,
WTA,Kudermetova P.,1398.04,1643.86,49,19,30,
WTA,In-Albon Y.,1397.94,1500.0,8,0,8,
WTA,Cabrera L.,1397.41,1515.17,15,3,12,
WTA,Shvedova Y.,1397.25,1500.0,11,1,10,
WTA,Ponchet J.,1397.01,1500.31,24,7,17,
WTA,Buzarnescu M.,1396.85,1500.0,19,4,15,
WTA,Chirico L.,1395.27,1502.91,17,3,14,
WTA,Perez E.,1393.84,1500.0,9,0,9,
WTA,Hartono A.,1391.1,1523.13,24,7,17,
WTA,Parrizas Diaz N.,1388.51,1552.02,97,38,59,
WTA,Udvardy P.,1383.84,1505.96,37,11,26,
WTA,Stosur S.,1383.48,1518.08,18,3,15,
WTA,Riske-Amritraj A.,1382.7,1500.0,11,0,11,
WTA,Volynets K.,1378.78,1527.53,98,34,64,
WTA,Diatchenko V.,1374.96,1500.0,18,3,15,
WTA,Errani S.,1371.55,1588.18,71,27,44,
WTA,Zavatska K.,1365.21,1500.0,20,3,17,
WTA,Day K.,1364.21,1500.0,18,3,15,
WTA,Williams V.,1362.44,1500.0,41,8,33,
WTA,Uchijima M.,1362.34,1571.33,69,21,48,
WTA,Bassols M.,1360.88,1500.0,15,1,14,
WTA,Doi M.,1360.56,1500.0,59,16,43,
WTA,Voegele S.,1352.69,1500.0,26,5,21,
WTA,Paquet C.,1344.31,1500.0,40,10,30,
WTA,Babos T.,1341.4,1500.0,25,4,21,
